web-scraper-order,web-scraper-start-url,links,links-href,Job type,Description,Job levels,Languages,Assessment length,pages,pages-href,text_blob
1743853636-1,https://www.shl.com/solutions/products/product-catalog/,Workplace Safety Solution,https://www.shl.com/solutions/products/product-catalog/view/workplace-safety-solution/,Workplace Safety Solution,"The Workplace Safety Solution is designed for entry-level positions to measure the competencies and experiences that underlie successful and safe performance in the workplace. This solution measures one’s general tendency to behave safely in the workplace using a variety of assessment types including personality traits, safety-related situational judgment, and biodata. Potential job titles that use this solution are: Material Handler, Shipping Operator, Driver, Forklift Operator, Crewman, Mechanic, and Receiver.","Entry-Level,","English (USA), English (Australia),",Approximate Completion Time in minutes = 21,12.0,https://www.shl.com/solutions/products/product-catalog/?start=132&type=2,"Workplace Safety Solution The Workplace Safety Solution is designed for entry-level positions to measure the competencies and experiences that underlie successful and safe performance in the workplace. This solution measures one’s general tendency to behave safely in the workplace using a variety of assessment types including personality traits, safety-related situational judgment, and biodata. Potential job titles that use this solution are: Material Handler, Shipping Operator, Driver, Forklift Operator, Crewman, Mechanic, and Receiver. Entry-Level,"
1743853639-2,https://www.shl.com/solutions/products/product-catalog/,Workplace Safety - Team 7.1 (International),https://www.shl.com/solutions/products/product-catalog/view/workplace-safety-team-7-1-solution/,Workplace Safety - Team 7.1 (International),"The Workplace Safety – Team 7.1 solution is designed for entry-level positions to measure the competencies and experiences that underlie successful and safe performance in a team based work environment. The solution predicts the following types of behaviors and competencies foundational to safety across a wide range of jobs: wearing required protective equipment; working hard and responsibly; safely moving equipment, freight, or other materials; working and communicating effectively with others; taking action when unsafe situations occur; and following policies and procedures
Industries and environments with entry-level positions that use this solution are: Warehouse, Healthcare, Delivery and Logistics, Food Handling and Preparation, Assembly and Installation, Transportation, Manufacturing and Processing, Construction, Drivers, Oil and Gas, and Mining.","Entry-Level, General Population, Professional Individual Contributor,","English International, Finnish, French, Dutch, Latin American Spanish, Swedish, Portuguese (Brazil), Italian, German, French (Canada), Danish,",Approximate Completion Time in minutes = 20,12.0,https://www.shl.com/solutions/products/product-catalog/?start=132&type=2,"Workplace Safety - Team 7.1 (International) The Workplace Safety – Team 7.1 solution is designed for entry-level positions to measure the competencies and experiences that underlie successful and safe performance in a team based work environment. The solution predicts the following types of behaviors and competencies foundational to safety across a wide range of jobs: wearing required protective equipment; working hard and responsibly; safely moving equipment, freight, or other materials; working and communicating effectively with others; taking action when unsafe situations occur; and following policies and procedures
Industries and environments with entry-level positions that use this solution are: Warehouse, Healthcare, Delivery and Logistics, Food Handling and Preparation, Assembly and Installation, Transportation, Manufacturing and Processing, Construction, Drivers, Oil and Gas, and Mining. Entry-Level, General Population, Professional Individual Contributor,"
1743853642-3,https://www.shl.com/solutions/products/product-catalog/,Workplace Safety - Team 7.1 (Americas),https://www.shl.com/solutions/products/product-catalog/view/workplace-safety-team-7-1-%28americas%29/,Workplace Safety - Team 7.1 (Americas),"The Workplace Safety – Team 7.1 solution is designed for entry-level positions to measure the competencies and experiences that underlie successful and safe performance in a team based work environment. The solution predicts the following types of behaviors and competencies foundational to safety across a wide range of jobs: wearing required protective equipment; working hard and responsibly; safely moving equipment, freight, or other materials; working and communicating effectively with others; taking action when unsafe situations occur; and following policies and procedures
Industries and environments with entry-level positions that use this solution are: Warehouse, Healthcare, Delivery and Logistics, Food Handling and Preparation, Assembly and Installation, Transportation, Manufacturing and Processing, Construction, Drivers, Oil and Gas, and Mining.","Entry-Level, General Population, Professional Individual Contributor,","English (USA), Latin American Spanish, French (Canada),",Approximate Completion Time in minutes = 20,12.0,https://www.shl.com/solutions/products/product-catalog/?start=132&type=2,"Workplace Safety - Team 7.1 (Americas) The Workplace Safety – Team 7.1 solution is designed for entry-level positions to measure the competencies and experiences that underlie successful and safe performance in a team based work environment. The solution predicts the following types of behaviors and competencies foundational to safety across a wide range of jobs: wearing required protective equipment; working hard and responsibly; safely moving equipment, freight, or other materials; working and communicating effectively with others; taking action when unsafe situations occur; and following policies and procedures
Industries and environments with entry-level positions that use this solution are: Warehouse, Healthcare, Delivery and Logistics, Food Handling and Preparation, Assembly and Installation, Transportation, Manufacturing and Processing, Construction, Drivers, Oil and Gas, and Mining. Entry-Level, General Population, Professional Individual Contributor,"
1743853645-4,https://www.shl.com/solutions/products/product-catalog/,Workplace Safety - Team 7.0 Solution,https://www.shl.com/solutions/products/product-catalog/view/workplace-safety-team-7-0-solution/,Workplace Safety - Team 7.0 Solution,"The Workplace Safety – Team 7.0 solution is designed for entry-level positions to measure the competencies and experiences that underlie successful and safe performance in a team based work environment. The solution predicts the following types of behaviors and competencies foundational to safety across a wide range of jobs: wearing required protective equipment; working hard and responsibly; safely moving equipment, freight, or other materials; working and communicating effectively with others; taking action when unsafe situations occur; and following policies and procedures
Industries and environments with entry-level positions that use this solution are: Warehouse, Healthcare, Delivery and Logistics, Food Handling and Preparation, Assembly and Installation, Transportation, Manufacturing and Processing, Construction, Drivers, Oil and Gas, and Mining.

Report Language Availability: English (USA), Latin American Spanish.","Director,","English International, English (USA), French (Canada), Latin American Spanish,",Approximate Completion Time in minutes = 20,12.0,https://www.shl.com/solutions/products/product-catalog/?start=132&type=2,"Workplace Safety - Team 7.0 Solution The Workplace Safety – Team 7.0 solution is designed for entry-level positions to measure the competencies and experiences that underlie successful and safe performance in a team based work environment. The solution predicts the following types of behaviors and competencies foundational to safety across a wide range of jobs: wearing required protective equipment; working hard and responsibly; safely moving equipment, freight, or other materials; working and communicating effectively with others; taking action when unsafe situations occur; and following policies and procedures
Industries and environments with entry-level positions that use this solution are: Warehouse, Healthcare, Delivery and Logistics, Food Handling and Preparation, Assembly and Installation, Transportation, Manufacturing and Processing, Construction, Drivers, Oil and Gas, and Mining.

Report Language Availability: English (USA), Latin American Spanish. Director,"
1743853648-5,https://www.shl.com/solutions/products/product-catalog/,Workplace Safety - Individual 7.1 (Americas),https://www.shl.com/solutions/products/product-catalog/view/workplace-safety-individual-7-1-solution/,Workplace Safety - Individual 7.1 (Americas),"Our Workplace Safety - Individual 7.1 solution is designed for entry-level positions and measures the behaviors and experiences that underlie successful and safe performance with more individually-oriented roles or work environments. The solution assesses behaviors and competencies foundational to safety across a wide range of jobs, including: following policies and procedures; wearing required protective equipment; safely operating vehicles and/or machinery; taking action in unsafe situations; and producing high quality work. 
Industries and environments with entry-level positions that use this solution are: Warehouse, Healthcare, Delivery and Logistics, Food Handling and Preparation, Assembly and Installation, Transportation, Manufacturing and Processing, Construction, Drivers, Oil and Gas, and Mining.","Entry-Level,","Portuguese (Brazil), English (USA), French (Canada), Latin American Spanish,",Approximate Completion Time in minutes = 16,12.0,https://www.shl.com/solutions/products/product-catalog/?start=132&type=2,"Workplace Safety - Individual 7.1 (Americas) Our Workplace Safety - Individual 7.1 solution is designed for entry-level positions and measures the behaviors and experiences that underlie successful and safe performance with more individually-oriented roles or work environments. The solution assesses behaviors and competencies foundational to safety across a wide range of jobs, including: following policies and procedures; wearing required protective equipment; safely operating vehicles and/or machinery; taking action in unsafe situations; and producing high quality work. 
Industries and environments with entry-level positions that use this solution are: Warehouse, Healthcare, Delivery and Logistics, Food Handling and Preparation, Assembly and Installation, Transportation, Manufacturing and Processing, Construction, Drivers, Oil and Gas, and Mining. Entry-Level,"
1743853651-6,https://www.shl.com/solutions/products/product-catalog/,Workplace Safety - Individual 7.0 Solution,https://www.shl.com/solutions/products/product-catalog/view/workplace-safety-individual-7-0-solution/,Workplace Safety - Individual 7.0 Solution,"Our Workplace Safety - Individual 7.0 solution is designed for entry-level positions and measures the behaviors and experiences that underlie successful and safe performance with more individually-oriented roles or work environments. The solution assesses behaviors and competencies foundational to safety across a wide range of jobs, including: following policies and procedures; wearing required protective equipment; safely operating vehicles and/or machinery; taking action in unsafe situations; and producing high quality work. 
Industries and environments with entry-level positions that use this solution are: Warehouse, Healthcare, Delivery and Logistics, Food Handling and Preparation, Assembly and Installation, Transportation, Manufacturing and Processing, Construction, Drivers, Oil and Gas, and Mining.

Report Language Availability: English (USA), Latin American Spanish.","Entry-Level,","German, English International, English (USA), Italian, French, Dutch, French (Canada), Latin American Spanish, Arabic,",Approximate Completion Time in minutes = 16,12.0,https://www.shl.com/solutions/products/product-catalog/?start=132&type=2,"Workplace Safety - Individual 7.0 Solution Our Workplace Safety - Individual 7.0 solution is designed for entry-level positions and measures the behaviors and experiences that underlie successful and safe performance with more individually-oriented roles or work environments. The solution assesses behaviors and competencies foundational to safety across a wide range of jobs, including: following policies and procedures; wearing required protective equipment; safely operating vehicles and/or machinery; taking action in unsafe situations; and producing high quality work. 
Industries and environments with entry-level positions that use this solution are: Warehouse, Healthcare, Delivery and Logistics, Food Handling and Preparation, Assembly and Installation, Transportation, Manufacturing and Processing, Construction, Drivers, Oil and Gas, and Mining.

Report Language Availability: English (USA), Latin American Spanish. Entry-Level,"
1743853654-7,https://www.shl.com/solutions/products/product-catalog/,Transcriptionist Solution,https://www.shl.com/solutions/products/product-catalog/view/transcriptionist-solution/,Transcriptionist Solution,"The Transcriptionist solution is for entry-level clerical roles in a healthcare environment that require employees to translate medical information.  Sample tasks for these jobs include, but are not limited to: transcribing dictated reports, deciphering medical jargon, and proofing medical reports.  Potential job titles that use this solution are: Medical Transcriptionist, Medical Transcriber, and Documentation Specialist.  Multiple configurations of this solution are available.","Entry-Level,","English (USA),",Approximate Completion Time in minutes = 33,12.0,https://www.shl.com/solutions/products/product-catalog/?start=132&type=2,"Transcriptionist Solution The Transcriptionist solution is for entry-level clerical roles in a healthcare environment that require employees to translate medical information.  Sample tasks for these jobs include, but are not limited to: transcribing dictated reports, deciphering medical jargon, and proofing medical reports.  Potential job titles that use this solution are: Medical Transcriptionist, Medical Transcriber, and Documentation Specialist.  Multiple configurations of this solution are available. Entry-Level,"
1743853657-8,https://www.shl.com/solutions/products/product-catalog/,Teller with Sales - Short Form,https://www.shl.com/solutions/products/product-catalog/view/teller-with-sales-short-form/,Teller with Sales - Short Form,"The Teller solution with Sales is for entry-level financial institution teller positions. Sample tasks for this job would include, but are not limited to: balancing currency, coin and checks, cashing checks and paying out money, entering customer transactions into computers, and suggestive selling after a customer service interaction.","Entry-Level,","English (USA),",Approximate Completion Time in minutes = 35,12.0,https://www.shl.com/solutions/products/product-catalog/?start=132&type=2,"Teller with Sales - Short Form The Teller solution with Sales is for entry-level financial institution teller positions. Sample tasks for this job would include, but are not limited to: balancing currency, coin and checks, cashing checks and paying out money, entering customer transactions into computers, and suggestive selling after a customer service interaction. Entry-Level,"
1743853660-9,https://www.shl.com/solutions/products/product-catalog/,Teller 7.0,https://www.shl.com/solutions/products/product-catalog/view/teller-7-0/,Teller 7.0,"Teller or cashier positions are integral to financial institutions as they conduct numerous banking transactions each day, as well as being the face of the bank to its customers. The Teller Solution contains scales that measure a person’s ability to handle money, prevent transactional errors, promote quality customer service, and generate sales or referrals appropriately.","Entry-Level,","English (USA),",Approximate Completion Time in minutes = 35,12.0,https://www.shl.com/solutions/products/product-catalog/?start=132&type=2,"Teller 7.0 Teller or cashier positions are integral to financial institutions as they conduct numerous banking transactions each day, as well as being the face of the bank to its customers. The Teller Solution contains scales that measure a person’s ability to handle money, prevent transactional errors, promote quality customer service, and generate sales or referrals appropriately. Entry-Level,"
1743853667-10,https://www.shl.com/solutions/products/product-catalog/,Financial Professional - Short Form,https://www.shl.com/solutions/products/product-catalog/view/financial-professional-short-form/,Financial Professional - Short Form,"This solution is for mid-level financial institution positions that require Series 6/7 certification. Candidates answer multiple choice questions to measure financial professional aptitude, learning potential, achievement orientation, conscientiousness, persistence and planfulness, self leadership, interpersonal leadership, sales focus and customer focus.","Mid-Professional, Professional Individual Contributor,","English (USA),",Approximate Completion Time in minutes = 35,3.0,https://www.shl.com/solutions/products/product-catalog/?start=24&type=2,"Financial Professional - Short Form This solution is for mid-level financial institution positions that require Series 6/7 certification. Candidates answer multiple choice questions to measure financial professional aptitude, learning potential, achievement orientation, conscientiousness, persistence and planfulness, self leadership, interpersonal leadership, sales focus and customer focus. Mid-Professional, Professional Individual Contributor,"
1743853670-11,https://www.shl.com/solutions/products/product-catalog/,Executive - Short Form,https://www.shl.com/solutions/products/product-catalog/view/executive-short-form/,Executive - Short Form,"The Executive solution is intended for use with senior executive level positions responsible for planning, directing, or coordinating key business activities and operations at the highest level of an organization. Executives at this level often accomplish their work through subordinate executives and provide overall direction to their organization by determining and formulating policies within guidelines set up by a board of directors or similar governing body. Potential job titles that use this solution are: Executive Vice President, President, and Executive Director.","Executive,","English (USA),",Approximate Completion Time in minutes = 74,3.0,https://www.shl.com/solutions/products/product-catalog/?start=24&type=2,"Executive - Short Form The Executive solution is intended for use with senior executive level positions responsible for planning, directing, or coordinating key business activities and operations at the highest level of an organization. Executives at this level often accomplish their work through subordinate executives and provide overall direction to their organization by determining and formulating policies within guidelines set up by a board of directors or similar governing body. Potential job titles that use this solution are: Executive Vice President, President, and Executive Director. Executive,"
1743853673-12,https://www.shl.com/solutions/products/product-catalog/,Event Sales Manager Solution,https://www.shl.com/solutions/products/product-catalog/view/event-sales-manager-solution/,Event Sales Manager Solution,"The Event Sales Manager solution is designed for management level positions in the hospitality industry. Sample tasks include selling use of facility space for special events and managing staff. The solution is focused on sales, solving problems and making good decisions. Potential job titles that use this solution are: Event Sales Manager, Events Manager and Special Events Manager. Multiple configurations of this solution are available.","Supervisor, Front Line Manager, Manager,","English (USA),",Approximate Completion Time in minutes = 50,3.0,https://www.shl.com/solutions/products/product-catalog/?start=24&type=2,"Event Sales Manager Solution The Event Sales Manager solution is designed for management level positions in the hospitality industry. Sample tasks include selling use of facility space for special events and managing staff. The solution is focused on sales, solving problems and making good decisions. Potential job titles that use this solution are: Event Sales Manager, Events Manager and Special Events Manager. Multiple configurations of this solution are available. Supervisor, Front Line Manager, Manager,"
1743853676-13,https://www.shl.com/solutions/products/product-catalog/,Entry Level Sales Sift Out 7.1,https://www.shl.com/solutions/products/product-catalog/view/entry-level-sales-sift-out-7-1/,Entry Level Sales Sift Out 7.1,"The Entry Level Sales Sift Out 7.1 Solution is for entry-level positions in which employees proactively sell products or services to customers and have their compensation and/or performance based on sales revenue. Sample tasks for these jobs include, but are not limited to: promoting products to customers, persuading customers to buy products, and completing a transaction with a customer","Entry-Level,","Swedish, Chinese Simplified, Finnish, English (USA), Portuguese (Brazil), French, Danish, Italian, Arabic, Dutch, French (Canada), Latin American Spanish, English International, Norwegian, German,",Approximate Completion Time in minutes = 20,3.0,https://www.shl.com/solutions/products/product-catalog/?start=24&type=2,"Entry Level Sales Sift Out 7.1 The Entry Level Sales Sift Out 7.1 Solution is for entry-level positions in which employees proactively sell products or services to customers and have their compensation and/or performance based on sales revenue. Sample tasks for these jobs include, but are not limited to: promoting products to customers, persuading customers to buy products, and completing a transaction with a customer Entry-Level,"
1743853679-14,https://www.shl.com/solutions/products/product-catalog/,Entry level Sales 7.1 (International),https://www.shl.com/solutions/products/product-catalog/view/entry-level-sales-7-1/,Entry level Sales 7.1 (International),"The Entry Level Sales 7.1 Solution is for entry-level positions in which employees proactively sell products or services to customers and have their compensation and/or performance based on sales revenue. Sample tasks for these jobs include, but are not limited to: promoting products to customers, persuading customers to buy products, and completing a transaction with a customer.

Report Language Availability: English (USA), English International,     Portuguese, French Canadian, German, French, Chinese Simplified, Spanish, North American Spanish.","Entry-Level,","English (USA), Spanish, Latin American Spanish, French, German, French (Canada), English International, Chinese Simplified, Portuguese,",Approximate Completion Time in minutes = 20,3.0,https://www.shl.com/solutions/products/product-catalog/?start=24&type=2,"Entry level Sales 7.1 (International) The Entry Level Sales 7.1 Solution is for entry-level positions in which employees proactively sell products or services to customers and have their compensation and/or performance based on sales revenue. Sample tasks for these jobs include, but are not limited to: promoting products to customers, persuading customers to buy products, and completing a transaction with a customer.

Report Language Availability: English (USA), English International,     Portuguese, French Canadian, German, French, Chinese Simplified, Spanish, North American Spanish. Entry-Level,"
1743853682-15,https://www.shl.com/solutions/products/product-catalog/,Entry level Sales 7.1 (Americas),https://www.shl.com/solutions/products/product-catalog/view/entry-level-sales-7-1-%28americas%29/,Entry level Sales 7.1 (Americas),"The Entry Level Sales 7.1 Solution is for entry-level positions in which employees proactively sell products or services to customers and have their compensation and/or performance based on sales revenue. Sample tasks for these jobs include, but are not limited to: promoting products to customers, persuading customers to buy products, and completing a transaction with a customer.","Entry-Level,","Portuguese (Brazil),",Approximate Completion Time in minutes = 20,3.0,https://www.shl.com/solutions/products/product-catalog/?start=24&type=2,"Entry level Sales 7.1 (Americas) The Entry Level Sales 7.1 Solution is for entry-level positions in which employees proactively sell products or services to customers and have their compensation and/or performance based on sales revenue. Sample tasks for these jobs include, but are not limited to: promoting products to customers, persuading customers to buy products, and completing a transaction with a customer. Entry-Level,"
1743853684-16,https://www.shl.com/solutions/products/product-catalog/,Entry Level Customer Service 7.1 (South Africa),https://www.shl.com/solutions/products/product-catalog/view/entry-level-customer-service-7-1-%28south-africa%29/,Entry Level Customer Service 7.1 (South Africa),"The Entry Level Customer Service Solution (Retail and Contact Center) 7.1 is for entry-level positions in which employees interact with customers by providing information or carrying out customer requests related to an organization's products or services. Sample tasks for these jobs include but are not limited to interacting with customers on the phone or in person; taking orders; solving product or service issues; and responding positively to difficult or irate customers. 
 “IMPORTANT! Please note that you will need to select the correct package depending on which norm you intend to use. The package available for this product is International, South Africa and Americas"".","Entry-Level,","English International,",Approximate Completion Time in minutes = 19,3.0,https://www.shl.com/solutions/products/product-catalog/?start=24&type=2,"Entry Level Customer Service 7.1 (South Africa) The Entry Level Customer Service Solution (Retail and Contact Center) 7.1 is for entry-level positions in which employees interact with customers by providing information or carrying out customer requests related to an organization's products or services. Sample tasks for these jobs include but are not limited to interacting with customers on the phone or in person; taking orders; solving product or service issues; and responding positively to difficult or irate customers. 
 “IMPORTANT! Please note that you will need to select the correct package depending on which norm you intend to use. The package available for this product is International, South Africa and Americas"". Entry-Level,"
1743853687-17,https://www.shl.com/solutions/products/product-catalog/,Entry Level Customer Service 7.1 (International),https://www.shl.com/solutions/products/product-catalog/view/entry-level-customer-service-%28retail-and-cc%29-7-1/,Entry Level Customer Service 7.1 (International),"The Entry Level Customer Service Solution (Retail and Contact Center) 7.1 is for entry-level positions in which employees interact with customers by providing information or carrying out customer requests related to an organizations products or services. Sample tasks for these jobs include, but are not limited to: interacting with customers on the phone or in person; taking orders; solving product or service issues; and responding positively to difficult or irate customers.
“IMPORTANT! Please note that you will need to select the correct package depending on which norm you intend to use. The package available for this product is International, South Africa and Americas"".","Entry-Level,","French, Dutch, English (USA), English International, Italian, German,",Approximate Completion Time in minutes = 19,3.0,https://www.shl.com/solutions/products/product-catalog/?start=24&type=2,"Entry Level Customer Service 7.1 (International) The Entry Level Customer Service Solution (Retail and Contact Center) 7.1 is for entry-level positions in which employees interact with customers by providing information or carrying out customer requests related to an organizations products or services. Sample tasks for these jobs include, but are not limited to: interacting with customers on the phone or in person; taking orders; solving product or service issues; and responding positively to difficult or irate customers.
“IMPORTANT! Please note that you will need to select the correct package depending on which norm you intend to use. The package available for this product is International, South Africa and Americas"". Entry-Level,"
1743853690-18,https://www.shl.com/solutions/products/product-catalog/,Entry Level Customer Service 7.1 (Americas),https://www.shl.com/solutions/products/product-catalog/view/entry-level-customer-service-7-1-%28americas%29/,Entry Level Customer Service 7.1 (Americas),"The Entry Level Customer Service Solution (Retail and Contact Center) 7.1 is for entry-level positions in which employees interact with customers by providing information or carrying out customer requests related to an organizations products or services. Sample tasks for these jobs include, but are not limited to: interacting with customers on the phone or in person; taking orders; solving product or service issues; and responding positively to difficult or irate customers.
“IMPORTANT! Please note that you will need to select the correct package depending on which norm you intend to use. The package available for this product is International, South Africa and Americas"".","Entry-Level,","German, Finnish, Portuguese (Brazil), English (USA), Norwegian, Dutch, Arabic, Swedish, French (Canada), Italian, Danish, English International, Chinese Simplified, Latin American Spanish, French,",Approximate Completion Time in minutes = 19,3.0,https://www.shl.com/solutions/products/product-catalog/?start=24&type=2,"Entry Level Customer Service 7.1 (Americas) The Entry Level Customer Service Solution (Retail and Contact Center) 7.1 is for entry-level positions in which employees interact with customers by providing information or carrying out customer requests related to an organizations products or services. Sample tasks for these jobs include, but are not limited to: interacting with customers on the phone or in person; taking orders; solving product or service issues; and responding positively to difficult or irate customers.
“IMPORTANT! Please note that you will need to select the correct package depending on which norm you intend to use. The package available for this product is International, South Africa and Americas"". Entry-Level,"
1743853693-19,https://www.shl.com/solutions/products/product-catalog/,Entry Level Cashier 7.1 (International),https://www.shl.com/solutions/products/product-catalog/view/entry-level-cashier-7-1-%28international%29/,Entry Level Cashier 7.1 (International),"The Entry level Cashier 7.1 solution is for entry-level retail positions in which employees receive payment in the form of cash, check, or credit cards for goods purchased. Sample tasks for these jobs include, but are not limited to: handling payments, offering customer service, and issuing receipts and refunds. Potential job titles that use this solution are: Cashier, Sales Associate, and Clerk.","Entry-Level,","English (USA),",Approximate Completion Time in minutes = 18,3.0,https://www.shl.com/solutions/products/product-catalog/?start=24&type=2,"Entry Level Cashier 7.1 (International) The Entry level Cashier 7.1 solution is for entry-level retail positions in which employees receive payment in the form of cash, check, or credit cards for goods purchased. Sample tasks for these jobs include, but are not limited to: handling payments, offering customer service, and issuing receipts and refunds. Potential job titles that use this solution are: Cashier, Sales Associate, and Clerk. Entry-Level,"
1743853696-20,https://www.shl.com/solutions/products/product-catalog/,Entry Level Cashier 7.1 (Americas),https://www.shl.com/solutions/products/product-catalog/view/entry-level-cashier-7-1-%28americas%29/,Entry Level Cashier 7.1 (Americas),"The Entry level Cashier 7.1 solution is for entry-level retail positions in which employees receive payment in the form of cash, check, or credit cards for goods purchased. Sample tasks for these jobs include, but are not limited to: handling payments, offering customer service, and issuing receipts and refunds. Potential job titles that use this solution are: Cashier, Sales Associate, and Clerk.","Entry-Level,","French (Canada), Latin American Spanish, English (USA), English International,",Approximate Completion Time in minutes = 18,3.0,https://www.shl.com/solutions/products/product-catalog/?start=24&type=2,"Entry Level Cashier 7.1 (Americas) The Entry level Cashier 7.1 solution is for entry-level retail positions in which employees receive payment in the form of cash, check, or credit cards for goods purchased. Sample tasks for these jobs include, but are not limited to: handling payments, offering customer service, and issuing receipts and refunds. Potential job titles that use this solution are: Cashier, Sales Associate, and Clerk. Entry-Level,"
1743853699-21,https://www.shl.com/solutions/products/product-catalog/,District/Regional Manager Solution,https://www.shl.com/solutions/products/product-catalog/view/districtregional-manager-solution/,District/Regional Manager Solution,"The District/Regional Manager solution is for mid- to senior-level managerial positions that oversee multiple stores within a defined area.  Sample tasks for these jobs include, but are not limited to: directing a group of supervisors or managers, having profit and loss responsibility for a district or region, and aligning work with overall company goals.  Potential job titles that use this solution are: Regional Director, District Manager, General Manager, Regional Manager, Store Manager, and Area Manager. There are multiple configurations and versions of this solution available.","Manager,","English (USA),",Approximate Completion Time in minutes = 65,3.0,https://www.shl.com/solutions/products/product-catalog/?start=24&type=2,"District/Regional Manager Solution The District/Regional Manager solution is for mid- to senior-level managerial positions that oversee multiple stores within a defined area.  Sample tasks for these jobs include, but are not limited to: directing a group of supervisors or managers, having profit and loss responsibility for a district or region, and aligning work with overall company goals.  Potential job titles that use this solution are: Regional Director, District Manager, General Manager, Regional Manager, Store Manager, and Area Manager. There are multiple configurations and versions of this solution available. Manager,"
1743853706-22,https://www.shl.com/solutions/products/product-catalog/,Director - Short Form,https://www.shl.com/solutions/products/product-catalog/view/director-short-form/,Director - Short Form,"The Director solution is intended for use with senior level positions responsible for the planning, directing, or coordinating key business activities and operations of companies. Duties and responsibilities include formulating policies, managing daily operations, and planning the use of materials and human resources. Potential job titles that use this solution are: Director, Regional Director, and Director of Operations.","Director,","English (USA),",Approximate Completion Time in minutes = 69,2.0,https://www.shl.com/solutions/products/product-catalog/?start=12&type=2,"Director - Short Form The Director solution is intended for use with senior level positions responsible for the planning, directing, or coordinating key business activities and operations of companies. Duties and responsibilities include formulating policies, managing daily operations, and planning the use of materials and human resources. Potential job titles that use this solution are: Director, Regional Director, and Director of Operations. Director,"
1743853709-23,https://www.shl.com/solutions/products/product-catalog/,Customer Service with Sales - Short Form,https://www.shl.com/solutions/products/product-catalog/view/customer-service-with-sales-short-form/,Customer Service with Sales - Short Form,"The Customer Service with Sales solution is for entry-level positions that involve both providing service and support to customers and selling goods and services. Sample tasks for this job include, but are not limited to: taking orders; solving product or service issues; selling products and services; responding positively to difficult customers; adding new goods and services to existing accounts; providing information on products and/or services. Potential job titles that use this solution are: Account Service Representative, Account Representative, Customer Service Representative, and Sales Representative.","Entry-Level,","English (USA),",Approximate Completion Time in minutes = 44,2.0,https://www.shl.com/solutions/products/product-catalog/?start=12&type=2,"Customer Service with Sales - Short Form The Customer Service with Sales solution is for entry-level positions that involve both providing service and support to customers and selling goods and services. Sample tasks for this job include, but are not limited to: taking orders; solving product or service issues; selling products and services; responding positively to difficult customers; adding new goods and services to existing accounts; providing information on products and/or services. Potential job titles that use this solution are: Account Service Representative, Account Representative, Customer Service Representative, and Sales Representative. Entry-Level,"
1743853712-24,https://www.shl.com/solutions/products/product-catalog/,Customer Service - Short Form - UK,https://www.shl.com/solutions/products/product-catalog/view/customer-service-short-form-uk/,Customer Service - Short Form - UK,"The Customer Service Representative solution is for entry-level positions that involve
a high degree of interaction with customers in person or on the phone. Sample tasks
for this job include, but are not limited to: taking orders; solving product or service
issues; responding positively to difficult customers; referring unresolved issues to the
appropriate individuals; providing information on products and/or services. Potential
job titles that use this solution are: Account Service Representative, Account
Representative, Customer Service Representative, and Customer Service Agent.","Entry-Level,","English International,",Approximate Completion Time in minutes = 42,2.0,https://www.shl.com/solutions/products/product-catalog/?start=12&type=2,"Customer Service - Short Form - UK The Customer Service Representative solution is for entry-level positions that involve
a high degree of interaction with customers in person or on the phone. Sample tasks
for this job include, but are not limited to: taking orders; solving product or service
issues; responding positively to difficult customers; referring unresolved issues to the
appropriate individuals; providing information on products and/or services. Potential
job titles that use this solution are: Account Service Representative, Account
Representative, Customer Service Representative, and Customer Service Agent. Entry-Level,"
1743853715-25,https://www.shl.com/solutions/products/product-catalog/,Customer Service - Short Form,https://www.shl.com/solutions/products/product-catalog/view/customer-service-short-form/,Customer Service - Short Form,"The Customer Service Representative Solution is for entry-level positions that involve a high degree of interaction with customers in person or on the phone. Sample tasks for this job include, but are not limited to: taking orders; solving product or service issues; responding positively to difficult customers; referring unresolved issues to the appropriate individuals; providing information on products and/or services. Potential job titles that use this solution are: Account Service Representative, Account Representative, Customer Service Representative, and Customer Service Agent.","Entry-Level,","English (USA), English International,",Approximate Completion Time in minutes = 42,2.0,https://www.shl.com/solutions/products/product-catalog/?start=12&type=2,"Customer Service - Short Form The Customer Service Representative Solution is for entry-level positions that involve a high degree of interaction with customers in person or on the phone. Sample tasks for this job include, but are not limited to: taking orders; solving product or service issues; responding positively to difficult customers; referring unresolved issues to the appropriate individuals; providing information on products and/or services. Potential job titles that use this solution are: Account Service Representative, Account Representative, Customer Service Representative, and Customer Service Agent. Entry-Level,"
1743853718-26,https://www.shl.com/solutions/products/product-catalog/,Contact Centre Agent Solution - UK,https://www.shl.com/solutions/products/product-catalog/view/contact-centre-agent-solution-uk/,Contact Centre Agent Solution - UK,"This solution is used for job candidates applying to entry-level positions in a contact centre environment where the main focus of the job is customer service. The candidate answers multiple choice questions as well as questions in a customer call simulation environment. The solution measures: working with information, customer focus, contact centre retention, navigation, service orientation, and tactful problem solving. In addition, the solution measures data entry speed and accuracy, multi-tasking preferences, achievement orientation and conscientiousness.","Entry-Level,","English International,",Approximate Completion Time in minutes = 39,2.0,https://www.shl.com/solutions/products/product-catalog/?start=12&type=2,"Contact Centre Agent Solution - UK This solution is used for job candidates applying to entry-level positions in a contact centre environment where the main focus of the job is customer service. The candidate answers multiple choice questions as well as questions in a customer call simulation environment. The solution measures: working with information, customer focus, contact centre retention, navigation, service orientation, and tactful problem solving. In addition, the solution measures data entry speed and accuracy, multi-tasking preferences, achievement orientation and conscientiousness. Entry-Level,"
1743853721-27,https://www.shl.com/solutions/products/product-catalog/,Contact Center Team Lead/Coach - Short Form,https://www.shl.com/solutions/products/product-catalog/view/contact-center-team-leadcoach-short-form/,Contact Center Team Lead/Coach - Short Form,"The Contact Center - Team Lead/Coach solution is for job candidates applying to entry-level leadership
positions who tend to supervise hourly employees. Sample tasks for these jobs include, but are not limited
to: planning and preparing work schedules; assigning employees to specific duties; coaching employees on
attendance, conduct, schedule adherence, and work tasks; developing employees' skills; training subordinates
or less tenured peers; prioritizing multiple tasks and priorities; and making day-to-day decisions with minimal
guidance from others. Potential job titles that use this solution are: Team Leader, Coach, First Line Supervisor,
Processing Supervisor, Call Center Supervisor, and Customer Service Supervisor.","Front Line Manager, Professional Individual Contributor, Supervisor,","English (USA),",Approximate Completion Time in minutes = 45,2.0,https://www.shl.com/solutions/products/product-catalog/?start=12&type=2,"Contact Center Team Lead/Coach - Short Form The Contact Center - Team Lead/Coach solution is for job candidates applying to entry-level leadership
positions who tend to supervise hourly employees. Sample tasks for these jobs include, but are not limited
to: planning and preparing work schedules; assigning employees to specific duties; coaching employees on
attendance, conduct, schedule adherence, and work tasks; developing employees' skills; training subordinates
or less tenured peers; prioritizing multiple tasks and priorities; and making day-to-day decisions with minimal
guidance from others. Potential job titles that use this solution are: Team Leader, Coach, First Line Supervisor,
Processing Supervisor, Call Center Supervisor, and Customer Service Supervisor. Front Line Manager, Professional Individual Contributor, Supervisor,"
1743853723-28,https://www.shl.com/solutions/products/product-catalog/,Contact Center Sales & Service 8.0,https://www.shl.com/solutions/products/product-catalog/view/contact-center-sales-and-service-8-0-4268/,Contact Center Sales & Service 8.0,The Sales & Service 8.0 JFA is designed for contact center roles that involve sales or sales-related behaviors such as recommending products or services and retaining customers.,"Entry-Level,","English International, English (USA),",Approximate Completion Time in minutes = 31,2.0,https://www.shl.com/solutions/products/product-catalog/?start=12&type=2,"Contact Center Sales & Service 8.0 The Sales & Service 8.0 JFA is designed for contact center roles that involve sales or sales-related behaviors such as recommending products or services and retaining customers. Entry-Level,"
1743853726-29,https://www.shl.com/solutions/products/product-catalog/,Contact Center Sales & Service + 8.0,https://www.shl.com/solutions/products/product-catalog/view/contact-center-sales-and-service-8-0/,Contact Center Sales & Service + 8.0,"The Contact Center + 8.0 - Sales & Service Job Focused Assessment is designed to measure the skills, competencies, and behaviors needed for success in contact center roles that involve sales-related behaviors such as recommending products or services and retaining customers. This JFA includes a mobile-optimized contact center simulation, a behavioral assessment, and a cognitive test. Together, these assessments capture the ability to provide exceptional customer service and drive sales in entry-level contact center roles.","Entry-Level,","English International, English (USA),",Approximate Completion Time in minutes = 41,2.0,https://www.shl.com/solutions/products/product-catalog/?start=12&type=2,"Contact Center Sales & Service + 8.0 The Contact Center + 8.0 - Sales & Service Job Focused Assessment is designed to measure the skills, competencies, and behaviors needed for success in contact center roles that involve sales-related behaviors such as recommending products or services and retaining customers. This JFA includes a mobile-optimized contact center simulation, a behavioral assessment, and a cognitive test. Together, these assessments capture the ability to provide exceptional customer service and drive sales in entry-level contact center roles. Entry-Level,"
1743853734-30,https://www.shl.com/solutions/products/product-catalog/,Contact Center Manager - Short Form,https://www.shl.com/solutions/products/product-catalog/view/contact-center-manager-short-form/,Contact Center Manager - Short Form,"The Contact Center - Manager solution is for mid to upper-level contact center managerial positions. Sample
tasks for these jobs include, but are not limited to: supervising and coordinating the activities of subordinates;
interacting day-to-day with subordinates; and training employees. Potential job titles that use this solution are:
Contact Center Team Leader, First Line Supervisor, and Contact Center Manager.","Manager, Supervisor, Front Line Manager,","English (USA),",Approximate Completion Time in minutes = 50,2.0,https://www.shl.com/solutions/products/product-catalog/?start=12&type=2,"Contact Center Manager - Short Form The Contact Center - Manager solution is for mid to upper-level contact center managerial positions. Sample
tasks for these jobs include, but are not limited to: supervising and coordinating the activities of subordinates;
interacting day-to-day with subordinates; and training employees. Potential job titles that use this solution are:
Contact Center Team Leader, First Line Supervisor, and Contact Center Manager. Manager, Supervisor, Front Line Manager,"
1743853740-31,https://www.shl.com/solutions/products/product-catalog/,Contact Center Customer Service 8.0,https://www.shl.com/solutions/products/product-catalog/view/contact-center-customer-service-8-0-4269/,Contact Center Customer Service 8.0,The Customer Service 8.0 JFA is designed for entry-level positions in a contact center environment where the main focus is customer service.,"Entry-Level,","English (USA), German, Portuguese (Brazil), English International, Latin American Spanish, French (Canada), French,",Approximate Completion Time in minutes = 31,2.0,https://www.shl.com/solutions/products/product-catalog/?start=12&type=2,"Contact Center Customer Service 8.0 The Customer Service 8.0 JFA is designed for entry-level positions in a contact center environment where the main focus is customer service. Entry-Level,"
1743853743-32,https://www.shl.com/solutions/products/product-catalog/,Contact Center Customer Service + 8.0,https://www.shl.com/solutions/products/product-catalog/view/contact-center-customer-service-8-0/,Contact Center Customer Service + 8.0,"The Contact Center + 8.0 - Customer Service Job Focused Assessment is designed to measure the skills, competencies, and behaviors needed for success in contact center roles where the main focus is customer service. This JFA includes a mobile-optimized contact center simulation, a behavioral assessment, and a cognitive test. Together, these assessments capture the ability to provide exceptional customer service in entry-level contact center roles.","Entry-Level,","English (USA), English International, French, German, Latin American Spanish, Chinese Simplified, Portuguese (Brazil), Japanese,",Approximate Completion Time in minutes = 41,2.0,https://www.shl.com/solutions/products/product-catalog/?start=12&type=2,"Contact Center Customer Service + 8.0 The Contact Center + 8.0 - Customer Service Job Focused Assessment is designed to measure the skills, competencies, and behaviors needed for success in contact center roles where the main focus is customer service. This JFA includes a mobile-optimized contact center simulation, a behavioral assessment, and a cognitive test. Together, these assessments capture the ability to provide exceptional customer service in entry-level contact center roles. Entry-Level,"
1743853746-33,https://www.shl.com/solutions/products/product-catalog/,Claims/Operations Supervisor Solution,https://www.shl.com/solutions/products/product-catalog/view/claimsoperations-supervisor-solution/,Claims/Operations Supervisor Solution,"The Claims/Operations Supervisor solution is for entry-level management positions that involve supervising hourly employees.  Sample tasks for this job include, but are not limited to: planning and preapring work schedules; assigning employees to specific dutites; coaching employees on attendance, conduct, schedule adherence, and work tasks; developing employees' skills; training subordinates; prioritizing multiple tasks and priorities; making day-to-day decisions with minimal guidance from others.  Potential job titles that use this solution are: Team Leader, Coach, First Line Supervisor, Claims Supervisor, Operations Supervisor, and Customer Service Supervisor.  Multiple configurations of this solution are available.","Manager,","English (USA),",Approximate Completion Time in minutes = 48,2.0,https://www.shl.com/solutions/products/product-catalog/?start=12&type=2,"Claims/Operations Supervisor Solution The Claims/Operations Supervisor solution is for entry-level management positions that involve supervising hourly employees.  Sample tasks for this job include, but are not limited to: planning and preapring work schedules; assigning employees to specific dutites; coaching employees on attendance, conduct, schedule adherence, and work tasks; developing employees' skills; training subordinates; prioritizing multiple tasks and priorities; making day-to-day decisions with minimal guidance from others.  Potential job titles that use this solution are: Team Leader, Coach, First Line Supervisor, Claims Supervisor, Operations Supervisor, and Customer Service Supervisor.  Multiple configurations of this solution are available. Manager,"
1743853749-34,https://www.shl.com/solutions/products/product-catalog/,Cashier Solution,https://www.shl.com/solutions/products/product-catalog/view/cashier-solution/,Cashier Solution,"The Cashier solution is for entry-level retail positions in which employees receive payment in the form of cash, check, or credit cards for goods purchased. Sample tasks for these jobs include, but are not limited to: handling payments, offering customer service, and issuing receipts and refunds. Potential job titles that use this solution are: Cashier, Sales Associate, and Clerk. There are multiple configurations and versions of this solution available.","Entry-Level,","English (USA),",Approximate Completion Time in minutes = 28,,,"Cashier Solution The Cashier solution is for entry-level retail positions in which employees receive payment in the form of cash, check, or credit cards for goods purchased. Sample tasks for these jobs include, but are not limited to: handling payments, offering customer service, and issuing receipts and refunds. Potential job titles that use this solution are: Cashier, Sales Associate, and Clerk. There are multiple configurations and versions of this solution available. Entry-Level,"
1743853751-35,https://www.shl.com/solutions/products/product-catalog/,Branch Manager - Short Form,https://www.shl.com/solutions/products/product-catalog/view/branch-manager-short-form/,Branch Manager - Short Form,"This solution is for mid to upper-level financial institution managerial positions. Candidates answer a series of multiple choice questions to measure management potential, management judgment, leadership potential, team management, branch manager problem solving, business leadership, leadership motivation, interpersonal leadership, self leadership, and branch manager judgment. There are multiple configurations and versions of this solution available.","Front Line Manager, Manager, Supervisor,","English (USA),",Approximate Completion Time in minutes = 50,,,"Branch Manager - Short Form This solution is for mid to upper-level financial institution managerial positions. Candidates answer a series of multiple choice questions to measure management potential, management judgment, leadership potential, team management, branch manager problem solving, business leadership, leadership motivation, interpersonal leadership, self leadership, and branch manager judgment. There are multiple configurations and versions of this solution available. Front Line Manager, Manager, Supervisor,"
1743853754-36,https://www.shl.com/solutions/products/product-catalog/,"Bookkeeping, Accounting, Auditing Clerk Short Form",https://www.shl.com/solutions/products/product-catalog/view/bookkeeping-accounting-auditing-clerk-short-form/,"Bookkeeping, Accounting, Auditing Clerk Short Form","The Bookkeeping, Accounting, and Auditing Clerk solution is for entry-level positions that involve entering numerical data into computer systems and maintaining financial records. Sample tasks for this job include, but are not limited to: entering financial data into computers; checking financial records for accuracy; perform routine computations on financial data. Potential job titles that use this solution are: Accounting Clerk, Bookkeeper, Accounting Associate, Auditing Clerk and Accounts Receivable Clerk.","Entry-Level,","English (USA),",Approximate Completion Time in minutes = 49,,,"Bookkeeping, Accounting, Auditing Clerk Short Form The Bookkeeping, Accounting, and Auditing Clerk solution is for entry-level positions that involve entering numerical data into computer systems and maintaining financial records. Sample tasks for this job include, but are not limited to: entering financial data into computers; checking financial records for accuracy; perform routine computations on financial data. Potential job titles that use this solution are: Accounting Clerk, Bookkeeper, Accounting Associate, Auditing Clerk and Accounts Receivable Clerk. Entry-Level,"
1743853757-37,https://www.shl.com/solutions/products/product-catalog/,Bilingual Spanish Reservation Agent Solution,https://www.shl.com/solutions/products/product-catalog/view/bilingual-spanish-reservation-agent-solution/,Bilingual Spanish Reservation Agent Solution,"The Bilingual Reservation Agent solution is designed for customer centered entry-level positions within the hospitality industry. Sample tasks may include making, updating, or canceling hotel reservations made in English or Spanish; listening to customers speak Spanish and entering information into a computer in English; providing information on the hotel and the services offered. Potential job titles that use this solution are: Bilingual Reservation Agent, Customer Service Representative and Reservationist. Multiple configurations of this solution are available.","Entry-Level,","English (USA), Latin American Spanish,",Approximate Completion Time in minutes = 43,,,"Bilingual Spanish Reservation Agent Solution The Bilingual Reservation Agent solution is designed for customer centered entry-level positions within the hospitality industry. Sample tasks may include making, updating, or canceling hotel reservations made in English or Spanish; listening to customers speak Spanish and entering information into a computer in English; providing information on the hotel and the services offered. Potential job titles that use this solution are: Bilingual Reservation Agent, Customer Service Representative and Reservationist. Multiple configurations of this solution are available. Entry-Level,"
1743853760-38,https://www.shl.com/solutions/products/product-catalog/,Bank Operations Supervisor - Short Form,https://www.shl.com/solutions/products/product-catalog/view/bank-operations-supervisor-short-form/,Bank Operations Supervisor - Short Form,"The Bank Operations Supervisor solution is for job candidates applying to entry-level leadership positions who tend to supervise hourly employees. Sample tasks for these jobs include, but are not limited to:  planning and preparing work schedules, assigning employees to specific duties; coaching  employees on attendance, conduct, schedule adherence, and work tasks, developing employees' skills ; training subordinates; prioritizing multiple tasks  and priorities; and making  day-to-day decisions with minimal guidance from others. Potential job titles that use this solution are: Team Leader, First Line Supervisor, Processing Supervisor, Call Center Supervisor, and Customer Service Supervisor. There are multiple configurations and versions of this solution available.","Front Line Manager, Manager, Supervisor,","English (USA),",Approximate Completion Time in minutes = 45,,,"Bank Operations Supervisor - Short Form The Bank Operations Supervisor solution is for job candidates applying to entry-level leadership positions who tend to supervise hourly employees. Sample tasks for these jobs include, but are not limited to:  planning and preparing work schedules, assigning employees to specific duties; coaching  employees on attendance, conduct, schedule adherence, and work tasks, developing employees' skills ; training subordinates; prioritizing multiple tasks  and priorities; and making  day-to-day decisions with minimal guidance from others. Potential job titles that use this solution are: Team Leader, First Line Supervisor, Processing Supervisor, Call Center Supervisor, and Customer Service Supervisor. There are multiple configurations and versions of this solution available. Front Line Manager, Manager, Supervisor,"
1743853763-39,https://www.shl.com/solutions/products/product-catalog/,Bank Collections Agent - Short Form,https://www.shl.com/solutions/products/product-catalog/view/bank-collections-agent-short-form/,Bank Collections Agent - Short Form,"This solution is for entry-level collections positions in an inbound or outbound call center environment in a financial setting. Candidates answer multiple choice questions to measure achievement orientation, dependability, collector numerical skills, revenue recovery, customer focus, and persistence and planfulness. There are multiple configurations and versions of this solution available.","Entry-Level,","English (USA),",Approximate Completion Time in minutes = 45,,,"Bank Collections Agent - Short Form This solution is for entry-level collections positions in an inbound or outbound call center environment in a financial setting. Candidates answer multiple choice questions to measure achievement orientation, dependability, collector numerical skills, revenue recovery, customer focus, and persistence and planfulness. There are multiple configurations and versions of this solution available. Entry-Level,"
1743853766-40,https://www.shl.com/solutions/products/product-catalog/,Bank Administrative Assistant - Short Form,https://www.shl.com/solutions/products/product-catalog/view/bank-administrative-assistant-short-form/,Bank Administrative Assistant - Short Form,"The Administrative Assistant solution is for entry-level clerical positions that interact with external or internal customers. Sample tasks for these jobs include, but are not limited to: answering telephones, managing files and records, sorting mail, greeting customers, and collaborating with co-workers on projects. Potential job titles that use this solution are: Receptionist and Administrative Assistant. There are multiple configurations of this solution available.","Entry-Level,","English (USA),",Approximate Completion Time in minutes = 35,,,"Bank Administrative Assistant - Short Form The Administrative Assistant solution is for entry-level clerical positions that interact with external or internal customers. Sample tasks for these jobs include, but are not limited to: answering telephones, managing files and records, sorting mail, greeting customers, and collaborating with co-workers on projects. Potential job titles that use this solution are: Receptionist and Administrative Assistant. There are multiple configurations of this solution available. Entry-Level,"
1743853769-41,https://www.shl.com/solutions/products/product-catalog/,Apprentice 8.0 Job Focused Assessment,https://www.shl.com/solutions/products/product-catalog/view/apprentice-8-0-job-focused-assessment/,Apprentice 8.0 Job Focused Assessment,"The Apprentice 8.0 Job-Focused Assessment is a short, targeted, globally applicable assessment. This assessment is designed for entry-level positions appropriate for countries and industries that use an apprenticeship model. It is intended to be used multi-nationally for organizations whose business spans across regions.","Entry-Level, General Population, Graduate,","English International, German, French,",Approximate Completion Time in minutes = 20,,,"Apprentice 8.0 Job Focused Assessment The Apprentice 8.0 Job-Focused Assessment is a short, targeted, globally applicable assessment. This assessment is designed for entry-level positions appropriate for countries and industries that use an apprenticeship model. It is intended to be used multi-nationally for organizations whose business spans across regions. Entry-Level, General Population, Graduate,"
1743853771-42,https://www.shl.com/solutions/products/product-catalog/,Apprentice + 8.0 Job Focused Assessment,https://www.shl.com/solutions/products/product-catalog/view/apprentice-8-0-job-focused-assessment-4261/,Apprentice + 8.0 Job Focused Assessment,"The Apprentice + 8.0 Job-Focused Assessment is a short, targeted, globally applicable assessment which includes a short cognitive ability measure. This assessment is designed for entry-level positions appropriate for countries and industries that use an apprenticeship model. It is intended to be used multi-nationally for organisations whose business spans across regions.","General Population, Graduate, Entry-Level,","English International, German,",Approximate Completion Time in minutes = 30,,,"Apprentice + 8.0 Job Focused Assessment The Apprentice + 8.0 Job-Focused Assessment is a short, targeted, globally applicable assessment which includes a short cognitive ability measure. This assessment is designed for entry-level positions appropriate for countries and industries that use an apprenticeship model. It is intended to be used multi-nationally for organisations whose business spans across regions. General Population, Graduate, Entry-Level,"
1743853774-43,https://www.shl.com/solutions/products/product-catalog/,Agency Manager Solution,https://www.shl.com/solutions/products/product-catalog/view/agency-manager-solution/,Agency Manager Solution,"The Agency Manager solution is for mid-level sales management positions that include front line management and sales responsibilities. Sample tasks for this job include, but are not limited to: directing and coordinating financial activities of workers in a branch, office, or department of an establishment, such as branch bank, brokerage firm, risk and insurance department, or credit department.  Potential job titles that use this solution are: Agency Manager, Brokerage Manager. Multiple configurations of this solution are available.","Front Line Manager, Manager, Supervisor,","English (USA),",Approximate Completion Time in minutes = 51,,,"Agency Manager Solution The Agency Manager solution is for mid-level sales management positions that include front line management and sales responsibilities. Sample tasks for this job include, but are not limited to: directing and coordinating financial activities of workers in a branch, office, or department of an establishment, such as branch bank, brokerage firm, risk and insurance department, or credit department.  Potential job titles that use this solution are: Agency Manager, Brokerage Manager. Multiple configurations of this solution are available. Front Line Manager, Manager, Supervisor,"
1743853777-44,https://www.shl.com/solutions/products/product-catalog/,Administrative Professional - Short Form,https://www.shl.com/solutions/products/product-catalog/view/administrative-professional-short-form/,Administrative Professional - Short Form,"The Administrative Professional solution is for entry to mid-level positions that involve routine clerical and administrative functions in addition to office management functions and customer service. Sample tasks for this job include, but are not limited to: arranging conference calls; drafting correspondence; scheduling meetings; greeting visitors; coordinating office activities. Potential job titles that use this solution are: Administrative Assistant, Secretary, Office Manager, Administrative Aide, and Administrative Associate.","Entry-Level,","English (USA),",Approximate Completion Time in minutes = 36,,,"Administrative Professional - Short Form The Administrative Professional solution is for entry to mid-level positions that involve routine clerical and administrative functions in addition to office management functions and customer service. Sample tasks for this job include, but are not limited to: arranging conference calls; drafting correspondence; scheduling meetings; greeting visitors; coordinating office activities. Potential job titles that use this solution are: Administrative Assistant, Secretary, Office Manager, Administrative Aide, and Administrative Associate. Entry-Level,"
1743853780-45,https://www.shl.com/solutions/products/product-catalog/,Account Manager Solution,https://www.shl.com/solutions/products/product-catalog/view/account-manager-solution/,Account Manager Solution,"The Account Manager solution is an assessment used for job candidates applying to mid-level leadership positions that tend to manage the day-to-day operations and activities of client accounts. Sample tasks for these jobs include, but are not limited to: communicating with clients about project status, developing and maintaining project plans, coordinating internally with appropriate project personnel, and ensuring client expectations are being met. Potential job titles that use this solution are: Account Executive, Account Manager, and Senior Account Manager. There are multiple configurations of this solution available.","Mid-Professional,","English (USA),",Approximate Completion Time in minutes = 49,,,"Account Manager Solution The Account Manager solution is an assessment used for job candidates applying to mid-level leadership positions that tend to manage the day-to-day operations and activities of client accounts. Sample tasks for these jobs include, but are not limited to: communicating with clients about project status, developing and maintaining project plans, coordinating internally with appropriate project personnel, and ensuring client expectations are being met. Potential job titles that use this solution are: Account Executive, Account Manager, and Senior Account Manager. There are multiple configurations of this solution available. Mid-Professional,"
